month_year,avg_total_amount,avg_fare_amount,avg_tip_amount,total_passenger_count,avg_time_diff,avg_speed
7-2017,14.469624878633393,11.914052178576924,1.1918211637615457,1237202,1216.9206594407585,12.625329140891308
