month_year,avg_total_amount,avg_fare_amount,avg_tip_amount,total_passenger_count,avg_time_diff,avg_speed
6-2020,17.046315759859937,13.868433860349988,1.237589602205601,44550.0,1117.55440837225,13.70523781579883
