month_year,avg_total_amount,avg_fare_amount,avg_tip_amount,total_passenger_count,avg_time_diff,avg_speed
3-2017,16.160406312431185,12.857473542870379,1.8512324059887308,16561842,983.5529306498379,11.123030234906572
